category,cost_usdPerDay
production,56547.72115585769
distribution,12034.65055115276
conversion,63309.70098760274
total,131892.0726946132
